{"$schema":"http://schema.management.azure.com/schemas/2015-01-01/deploymentTemplate.json#","contentVersion":"1.0.0.0","parameters":{"sever01.database.windows.net;pkdatab Prathamesh.Kodgirwar":{"type":"string"},"LH_Finance_Project_Prathamesh_Kodgirwar":{"type":"string"},"warehouse_demo_pk":{"type":"string"}},"variables":{},"resources":[{"name":"SSMS_To_OneLake","type":"pipelines","apiVersion":"2018-06-01","properties":{"activities":[{"name":"Copying_BankData_to_OneLake","type":"Copy","state":"Inactive","onInactiveMarkAs":"Succeeded","dependsOn":[],"policy":{"timeout":"0.12:00:00","retry":0,"retryIntervalInSeconds":30,"secureOutput":false,"secureInput":false},"typeProperties":{"source":{"type":"AzureSqlSource","queryTimeout":"02:00:00","partitionOption":"None","datasetSettings":{"annotations":[],"type":"AzureSqlTable","schema":[],"typeProperties":{"schema":"dbo","table":"bank_data","database":"pkdatab"},"externalReferences":{"connection":"[parameters('sever01.database.windows.net;pkdatab Prathamesh.Kodgirwar')]"}}},"sink":{"type":"ParquetSink","storeSettings":{"type":"LakehouseWriteSettings"},"formatSettings":{"type":"ParquetWriteSettings","enableVertiParquet":true},"datasetSettings":{"annotations":[],"linkedService":{"name":"LH_Finance_Project_Prathamesh_Kodgirwar","properties":{"annotations":[],"type":"Lakehouse","typeProperties":{"workspaceId":"cc7fc8ef-05a5-4260-9f03-ba315c3d1a79","artifactId":"[parameters('LH_Finance_Project_Prathamesh_Kodgirwar')]","rootFolder":"Files"}}},"type":"Parquet","typeProperties":{"location":{"type":"LakehouseLocation","fileName":"bank_data","folderPath":"Bronze"},"compressionCodec":"snappy"},"schema":[]}},"enableStaging":false,"translator":{"type":"TabularTranslator","mappings":[{"source":{"name":"Branch_ID","type":"String","physicalType":"nvarchar","length":"MAX"},"sink":{"name":"Branch_ID","type":"String","physicalType":"STRING"}},{"source":{"name":"City","type":"String","physicalType":"nvarchar","length":"MAX"},"sink":{"name":"City","type":"String","physicalType":"STRING"}},{"source":{"name":"Region","type":"String","physicalType":"nvarchar","length":"MAX"},"sink":{"name":"Region","type":"String","physicalType":"STRING"}},{"source":{"name":"Firm_Revenue","type":"String","physicalType":"nvarchar","length":"MAX"},"sink":{"name":"Firm_Revenue","type":"String","physicalType":"STRING"}},{"source":{"name":"Expenses","type":"String","physicalType":"nvarchar","length":"MAX"},"sink":{"name":"Expenses","type":"String","physicalType":"STRING"}},{"source":{"name":"Profit_Margin","type":"String","physicalType":"nvarchar","length":"MAX"},"sink":{"name":"Profit_Margin","type":"String","physicalType":"STRING"}}],"typeConversion":true,"typeConversionSettings":{"allowDataTruncation":true,"treatBooleanAsNumber":false}}}},{"name":"Copying_CustomerData_to_OneLake","type":"Copy","state":"Inactive","onInactiveMarkAs":"Succeeded","dependsOn":[{"activity":"Copying_BankData_to_OneLake","dependencyConditions":["Succeeded"]}],"policy":{"timeout":"0.12:00:00","retry":0,"retryIntervalInSeconds":30,"secureOutput":false,"secureInput":false},"typeProperties":{"source":{"type":"AzureSqlSource","queryTimeout":"02:00:00","partitionOption":"None","datasetSettings":{"annotations":[],"type":"AzureSqlTable","schema":[],"typeProperties":{"schema":"bank","table":"Customer_Data","database":"pkdatab"},"externalReferences":{"connection":"[parameters('sever01.database.windows.net;pkdatab Prathamesh.Kodgirwar')]"}}},"sink":{"type":"ParquetSink","storeSettings":{"type":"LakehouseWriteSettings"},"formatSettings":{"type":"ParquetWriteSettings","enableVertiParquet":true},"datasetSettings":{"annotations":[],"linkedService":{"name":"LH_Finance_Project_Prathamesh_Kodgirwar","properties":{"annotations":[],"type":"Lakehouse","typeProperties":{"workspaceId":"cc7fc8ef-05a5-4260-9f03-ba315c3d1a79","artifactId":"[parameters('LH_Finance_Project_Prathamesh_Kodgirwar')]","rootFolder":"Files"}}},"type":"Parquet","typeProperties":{"location":{"type":"LakehouseLocation","fileName":"customer_data","folderPath":"Bronze"},"compressionCodec":"snappy"},"schema":[]}},"enableStaging":false,"translator":{"type":"TabularTranslator","mappings":[{"source":{"name":"Customer_ID","type":"String","physicalType":"nvarchar","length":"MAX"},"sink":{"name":"Customer_ID","type":"String","physicalType":"STRING"}},{"source":{"name":"Age","type":"String","physicalType":"nvarchar","length":"MAX"},"sink":{"name":"Age","type":"String","physicalType":"STRING"}},{"source":{"name":"Customer_Type","type":"String","physicalType":"nvarchar","length":"MAX"},"sink":{"name":"Customer_Type","type":"String","physicalType":"STRING"}},{"source":{"name":"City","type":"String","physicalType":"nvarchar","length":"MAX"},"sink":{"name":"City","type":"String","physicalType":"STRING"}},{"source":{"name":"Region","type":"String","physicalType":"nvarchar","length":"MAX"},"sink":{"name":"Region","type":"String","physicalType":"STRING"}},{"source":{"name":"Bank_Name","type":"String","physicalType":"nvarchar","length":"MAX"},"sink":{"name":"Bank_Name","type":"String","physicalType":"STRING"}},{"source":{"name":"Branch_ID","type":"String","physicalType":"nvarchar","length":"MAX"},"sink":{"name":"Branch_ID","type":"String","physicalType":"STRING"}}],"typeConversion":true,"typeConversionSettings":{"allowDataTruncation":true,"treatBooleanAsNumber":false}}}},{"name":"Copying_TransactionData_to_OneLake","type":"Copy","state":"Inactive","onInactiveMarkAs":"Succeeded","dependsOn":[{"activity":"Copying_CustomerData_to_OneLake","dependencyConditions":["Succeeded"]}],"policy":{"timeout":"0.12:00:00","retry":0,"retryIntervalInSeconds":30,"secureOutput":false,"secureInput":false},"typeProperties":{"source":{"type":"AzureSqlSource","queryTimeout":"02:00:00","partitionOption":"None","datasetSettings":{"annotations":[],"type":"AzureSqlTable","schema":[],"typeProperties":{"schema":"dbo","table":"transaction_data","database":"pkdatab"},"externalReferences":{"connection":"[parameters('sever01.database.windows.net;pkdatab Prathamesh.Kodgirwar')]"}}},"sink":{"type":"ParquetSink","storeSettings":{"type":"LakehouseWriteSettings"},"formatSettings":{"type":"ParquetWriteSettings","enableVertiParquet":true},"datasetSettings":{"annotations":[],"linkedService":{"name":"LH_Finance_Project_Prathamesh_Kodgirwar","properties":{"annotations":[],"type":"Lakehouse","typeProperties":{"workspaceId":"cc7fc8ef-05a5-4260-9f03-ba315c3d1a79","artifactId":"[parameters('LH_Finance_Project_Prathamesh_Kodgirwar')]","rootFolder":"Files"}}},"type":"Parquet","typeProperties":{"location":{"type":"LakehouseLocation","fileName":"Transaction_data","folderPath":"Bronze"},"compressionCodec":"snappy"},"schema":[]}},"enableStaging":false,"translator":{"type":"TabularTranslator","mappings":[{"source":{"name":"Transaction_ID","type":"String","physicalType":"nvarchar","length":"MAX"},"sink":{"name":"Transaction_ID","type":"String","physicalType":"STRING"}},{"source":{"name":"Customer_ID","type":"String","physicalType":"nvarchar","length":"MAX"},"sink":{"name":"Customer_ID","type":"String","physicalType":"STRING"}},{"source":{"name":"Account_Type","type":"String","physicalType":"nvarchar","length":"MAX"},"sink":{"name":"Account_Type","type":"String","physicalType":"STRING"}},{"source":{"name":"Total_Balance","type":"String","physicalType":"nvarchar","length":"MAX"},"sink":{"name":"Total_Balance","type":"String","physicalType":"STRING"}},{"source":{"name":"Transaction_Amount","type":"String","physicalType":"nvarchar","length":"MAX"},"sink":{"name":"Transaction_Amount","type":"String","physicalType":"STRING"}},{"source":{"name":"Investment_Amount","type":"String","physicalType":"nvarchar","length":"MAX"},"sink":{"name":"Investment_Amount","type":"String","physicalType":"STRING"}},{"source":{"name":"Investment_Type","type":"String","physicalType":"nvarchar","length":"MAX"},"sink":{"name":"Investment_Type","type":"String","physicalType":"STRING"}},{"source":{"name":"Transaction_Date","type":"String","physicalType":"nvarchar","length":"MAX"},"sink":{"name":"Transaction_Date","type":"String","physicalType":"STRING"}}],"typeConversion":true,"typeConversionSettings":{"allowDataTruncation":true,"treatBooleanAsNumber":false}}}},{"name":"Basic_validation","type":"TridentNotebook","state":"Inactive","onInactiveMarkAs":"Succeeded","dependsOn":[{"activity":"Copying_TransactionData_to_OneLake","dependencyConditions":["Succeeded"]}],"policy":{"timeout":"0.12:00:00","retry":0,"retryIntervalInSeconds":30,"secureOutput":false,"secureInput":false},"typeProperties":{"notebookId":"ae9dbea7-a36f-4605-b61f-e66d7bb43a23","workspaceId":"cc7fc8ef-05a5-4260-9f03-ba315c3d1a79"}},{"name":"Silver_to_Gold","type":"TridentNotebook","state":"Inactive","onInactiveMarkAs":"Succeeded","dependsOn":[{"activity":"Basic_validation","dependencyConditions":["Succeeded"]}],"policy":{"timeout":"0.12:00:00","retry":0,"retryIntervalInSeconds":30,"secureOutput":false,"secureInput":false},"typeProperties":{"notebookId":"ff3d0186-1d0d-4dbb-99c3-33f2e9422fba","workspaceId":"cc7fc8ef-05a5-4260-9f03-ba315c3d1a79"}},{"name":"bank_performance_to_warehouse","type":"Copy","state":"Inactive","onInactiveMarkAs":"Succeeded","dependsOn":[{"activity":"Silver_to_Gold","dependencyConditions":["Succeeded"]}],"policy":{"timeout":"0.12:00:00","retry":0,"retryIntervalInSeconds":30,"secureOutput":false,"secureInput":false},"typeProperties":{"source":{"type":"LakehouseTableSource","datasetSettings":{"annotations":[],"linkedService":{"name":"LH_Finance_Project_Prathamesh_Kodgirwar","properties":{"annotations":[],"type":"Lakehouse","typeProperties":{"workspaceId":"cc7fc8ef-05a5-4260-9f03-ba315c3d1a79","artifactId":"[parameters('LH_Finance_Project_Prathamesh_Kodgirwar')]","rootFolder":"Tables"}}},"type":"LakehouseTable","schema":[],"typeProperties":{"table":"gold_bank_performance"}}},"sink":{"type":"DataWarehouseSink","allowCopyCommand":true,"copyCommandSettings":{},"tableOption":"autoCreate","datasetSettings":{"annotations":[],"linkedService":{"name":"warehouse_demo_pk","properties":{"annotations":[],"type":"DataWarehouse","typeProperties":{"endpoint":"pstif7vh7kne3o72pus3obd3ie-57eh7tffavqefhydxiyvypi2pe.datawarehouse.fabric.microsoft.com","artifactId":"[parameters('warehouse_demo_pk')]","workspaceId":"cc7fc8ef-05a5-4260-9f03-ba315c3d1a79"}}},"type":"DataWarehouseTable","schema":[],"typeProperties":{"schema":"bankdata","table":"gold_bank_performance"}}},"enableStaging":true,"translator":{"type":"TabularTranslator","mappings":[{"source":{"name":"Bank_Name","type":"String","physicalType":"string"},"sink":{"name":"Bank_Name","physicalType":"varchar","length":"8000"}},{"source":{"name":"Total_Transactions","type":"Double","physicalType":"double"},"sink":{"name":"Total_Transactions","physicalType":"float"}},{"source":{"name":"Total_Investments","type":"Double","physicalType":"double"},"sink":{"name":"Total_Investments","physicalType":"float"}}],"typeConversion":true,"typeConversionSettings":{"allowDataTruncation":true,"treatBooleanAsNumber":false}}}},{"name":"profitability_to_warehouse","type":"Copy","state":"Inactive","onInactiveMarkAs":"Succeeded","dependsOn":[{"activity":"bank_performance_to_warehouse","dependencyConditions":["Succeeded"]}],"policy":{"timeout":"0.12:00:00","retry":0,"retryIntervalInSeconds":30,"secureOutput":false,"secureInput":false},"typeProperties":{"source":{"type":"LakehouseTableSource","datasetSettings":{"annotations":[],"linkedService":{"name":"LH_Finance_Project_Prathamesh_Kodgirwar","properties":{"annotations":[],"type":"Lakehouse","typeProperties":{"workspaceId":"cc7fc8ef-05a5-4260-9f03-ba315c3d1a79","artifactId":"[parameters('LH_Finance_Project_Prathamesh_Kodgirwar')]","rootFolder":"Tables"}}},"type":"LakehouseTable","schema":[],"typeProperties":{"table":"gold_branch_profitability"}}},"sink":{"type":"DataWarehouseSink","allowCopyCommand":true,"copyCommandSettings":{},"tableOption":"autoCreate","datasetSettings":{"annotations":[],"linkedService":{"name":"warehouse_demo_pk","properties":{"annotations":[],"type":"DataWarehouse","typeProperties":{"endpoint":"pstif7vh7kne3o72pus3obd3ie-57eh7tffavqefhydxiyvypi2pe.datawarehouse.fabric.microsoft.com","artifactId":"[parameters('warehouse_demo_pk')]","workspaceId":"cc7fc8ef-05a5-4260-9f03-ba315c3d1a79"}}},"type":"DataWarehouseTable","schema":[],"typeProperties":{"schema":"bankdata","table":"gold_branch_profitability"}}},"enableStaging":true,"translator":{"type":"TabularTranslator","mappings":[{"source":{"name":"Branch_ID","type":"String","physicalType":"string"},"sink":{"name":"Branch_ID","physicalType":"varchar","length":"8000"}},{"source":{"name":"City","type":"String","physicalType":"string"},"sink":{"name":"City","physicalType":"varchar","length":"8000"}},{"source":{"name":"Region","type":"String","physicalType":"string"},"sink":{"name":"Region","physicalType":"varchar","length":"8000"}},{"source":{"name":"Firm_Revenue","type":"Double","physicalType":"double"},"sink":{"name":"Firm_Revenue","physicalType":"float"}},{"source":{"name":"Expenses","type":"Double","physicalType":"double"},"sink":{"name":"Expenses","physicalType":"float"}},{"source":{"name":"Profit_Margin","type":"Double","physicalType":"double"},"sink":{"name":"Profit_Margin","physicalType":"float"}},{"source":{"name":"Profit_Percentage","type":"Double","physicalType":"double"},"sink":{"name":"Profit_Percentage","physicalType":"float"}}],"typeConversion":true,"typeConversionSettings":{"allowDataTruncation":true,"treatBooleanAsNumber":false}}}},{"name":"customer_summary_to_warehouse","type":"Copy","state":"Inactive","onInactiveMarkAs":"Succeeded","dependsOn":[{"activity":"profitability_to_warehouse","dependencyConditions":["Succeeded"]}],"policy":{"timeout":"0.12:00:00","retry":0,"retryIntervalInSeconds":30,"secureOutput":false,"secureInput":false},"typeProperties":{"source":{"type":"LakehouseTableSource","datasetSettings":{"annotations":[],"linkedService":{"name":"LH_Finance_Project_Prathamesh_Kodgirwar","properties":{"annotations":[],"type":"Lakehouse","typeProperties":{"workspaceId":"cc7fc8ef-05a5-4260-9f03-ba315c3d1a79","artifactId":"[parameters('LH_Finance_Project_Prathamesh_Kodgirwar')]","rootFolder":"Tables"}}},"type":"LakehouseTable","schema":[],"typeProperties":{"table":"gold_customer_summary"}}},"sink":{"type":"DataWarehouseSink","allowCopyCommand":true,"copyCommandSettings":{},"tableOption":"autoCreate","datasetSettings":{"annotations":[],"linkedService":{"name":"warehouse_demo_pk","properties":{"annotations":[],"type":"DataWarehouse","typeProperties":{"endpoint":"pstif7vh7kne3o72pus3obd3ie-57eh7tffavqefhydxiyvypi2pe.datawarehouse.fabric.microsoft.com","artifactId":"[parameters('warehouse_demo_pk')]","workspaceId":"cc7fc8ef-05a5-4260-9f03-ba315c3d1a79"}}},"type":"DataWarehouseTable","schema":[],"typeProperties":{"schema":"bankdata","table":"gold_customer_summary"}}},"enableStaging":true,"translator":{"type":"TabularTranslator","mappings":[{"source":{"name":"Customer_ID","type":"Int32","physicalType":"integer"},"sink":{"name":"Customer_ID","physicalType":"int"}},{"source":{"name":"Total_Spent","type":"Double","physicalType":"double"},"sink":{"name":"Total_Spent","physicalType":"float"}},{"source":{"name":"Total_Invested","type":"Double","physicalType":"double"},"sink":{"name":"Total_Invested","physicalType":"float"}}],"typeConversion":true,"typeConversionSettings":{"allowDataTruncation":true,"treatBooleanAsNumber":false}}}},{"name":"risk_score_to_warehouse","type":"Copy","state":"Inactive","onInactiveMarkAs":"Succeeded","dependsOn":[{"activity":"customer_summary_to_warehouse","dependencyConditions":["Succeeded"]}],"policy":{"timeout":"0.12:00:00","retry":0,"retryIntervalInSeconds":30,"secureOutput":false,"secureInput":false},"typeProperties":{"source":{"type":"LakehouseTableSource","datasetSettings":{"annotations":[],"linkedService":{"name":"LH_Finance_Project_Prathamesh_Kodgirwar","properties":{"annotations":[],"type":"Lakehouse","typeProperties":{"workspaceId":"cc7fc8ef-05a5-4260-9f03-ba315c3d1a79","artifactId":"[parameters('LH_Finance_Project_Prathamesh_Kodgirwar')]","rootFolder":"Tables"}}},"type":"LakehouseTable","schema":[],"typeProperties":{"table":"gold_risk_scores"}}},"sink":{"type":"DataWarehouseSink","allowCopyCommand":true,"copyCommandSettings":{},"tableOption":"autoCreate","datasetSettings":{"annotations":[],"linkedService":{"name":"warehouse_demo_pk","properties":{"annotations":[],"type":"DataWarehouse","typeProperties":{"endpoint":"pstif7vh7kne3o72pus3obd3ie-57eh7tffavqefhydxiyvypi2pe.datawarehouse.fabric.microsoft.com","artifactId":"[parameters('warehouse_demo_pk')]","workspaceId":"cc7fc8ef-05a5-4260-9f03-ba315c3d1a79"}}},"type":"DataWarehouseTable","schema":[],"typeProperties":{"schema":"bankdata","table":"gold_risk_scores"}}},"enableStaging":true,"translator":{"type":"TabularTranslator","mappings":[{"source":{"name":"customer_id","type":"Int32","physicalType":"integer"},"sink":{"name":"customer_id","physicalType":"int"}},{"source":{"name":"total_txn","type":"Double","physicalType":"double"},"sink":{"name":"total_txn","physicalType":"float"}},{"source":{"name":"txn_count","type":"Int64","physicalType":"long"},"sink":{"name":"txn_count","physicalType":"bigint"}},{"source":{"name":"risk_score","type":"String","physicalType":"string"},"sink":{"name":"risk_score","physicalType":"varchar","length":"8000"}}],"typeConversion":true,"typeConversionSettings":{"allowDataTruncation":true,"treatBooleanAsNumber":false}}}}],"lastModifiedByObjectId":"94f584d8-db65-4d13-8733-5314a1aae718","lastPublishTime":"2025-04-05T05:26:26Z"},"dependsOn":[]}]}